{
    "ARAdmin": {},
    "ARGfoto": {},
    "ARSDadmin": false,
    "ARSDstaff": false,
    "ARSadmin": false,
    "ARSstaff": false,
    "ARStaff": {},
    "ARautojoin": true,
    "ARautoread": false,
    "ARautoscan": false,
    "ARblacklist": {},
    "ARdblacklist": false,
    "ARfoto": {},
    "ARvideo":{},
    "ARgreet": {},
    "ARlimit": 1,
    "ARmessage": "Hallo...",
    "ARmessage1": "Chat with me http://line.me/D",
    "ARprotcancel": {},
    "ARprotinvite": {},
    "ARprotkick": {},
    "ARprotqr": {},
    "ARreadMember": {},
    "ARreadPoint": {},
    "ARwblacklist": false,
    "Addimage": false,
    "Images": {},
    "Img": {},
    "autoAdd": false,
    "autoJoin": false,
    "autoJoinTicket": false,
    "autoLeave": true,
    "autoRead": false,
    "autoReject": false,
    "changeGroupPicture": false,
    "changePicture": false,
    "changeVideo": false,
    "keyCommand": "",
    "restartBot": {},
    "restartPoint": "ue84fa334a496ed189846c43d2a42ede3",
    "server": {},
    "userAgent": {},
    "myProfile": {
        "coverId": "",
        "displayName": "",
        "pictureStatus": "",
        "statusMessage": ""
    }
}
